url,url_mobile,title,seendate,socialimage,domain,language,sourcecountry
https://www.cultofmac.com/apple-history/apple-cafe-restaurants-plan,,"Apple restaurants , a wild idea for Cupertino : Today in Apple history",20241112T191500Z,https://www.cultofmac.com/wp-content/uploads/2017/11/Screen-Shot-2017-11-09-at-15.01.50.jpg,cultofmac.com,English,United States
https://9to5mac.com/2024/11/12/apple-geo-blocking-eu-investigation/,,Apple gets EU warning for prohibited  geo - blocking practice on the App Store and other services,20241112T143000Z,https://i0.wp.com/9to5mac.com/wp-content/uploads/sites/6/2024/03/app-store-eu.webp,9to5mac.com,English,United States
https://www.windowscentral.com/software-apps/apples-ingenious-ai-strategy-will-let-the-iphone-maker-have-its-cake,,Apple gives OpenAI ChatGPT Plus a digital billboard for a cut,20241113T150000Z,https://cdn.mos.cms.futurecdn.net/6kgLiakHfLNYvZDtvm6U9D-1200-80.jpg,windowscentral.com,English,United States
https://9to5mac.com/2024/11/12/gold-link-bracelet-apple-watch/,,Apple begins selling new Gold Link Bracelet for Apple Watch,20241113T023000Z,https://i0.wp.com/9to5mac.com/wp-content/uploads/sites/6/2024/11/apple-watch-gold-link-bracelet.jpg,9to5mac.com,English,United States
https://www.digitaltrends.com/mobile/i-bought-an-apple-watch-series-10-and-am-surprised-by-how-much-i-love-it/,,I got an Apple Watch Series 10 . Im surprised by how much I love it,20241116T130000Z,https://www.digitaltrends.com/wp-content/uploads/2024/09/apple-watch-series-10-review-22.jpeg,digitaltrends.com,English,United States
https://www.onegreenplanet.org/vegan-recipe/apple-cider-popsicles/,,"Apple Cider Popsicles [ Vegan , Grain - Free ] – One Green Planet",20241113T140000Z,https://www.onegreenplanet.org/wp-content/uploads/2017/09/apple-cider-popsicles-b.jpg,onegreenplanet.org,English,United States
https://www.macworld.com/article/2518637/apple-may-be-gearing-up-to-launch-its-first-smart-home-camera.html,,Apple may be gearing up to launch its first smart home camera,20241112T210000Z,,macworld.com,English,United States
https://www.cultofmac.com/news/apple-watch-gold-link-bracelet-now-listed-sale,,Apple Watch Gold Link Bracelet now available for sale,20241113T150000Z,https://www.cultofmac.com/wp-content/uploads/2024/11/apple-watch-gold-link-bracelet.jpg,cultofmac.com,English,United States
https://www.macobserver.com/news/weeks-after-its-announcement-apple-gold-link-bracelet-is-finally-available-now-wait-weeks-again-for-its-delivery/,,"Weeks After Its Announcement , Apple Gold Link Bracelet Is Finally Available , Now Wait Weeks Again for Its Delivery",20241113T060000Z,https://www.macobserver.com/wp-content/uploads/2024/11/Apple-Watch-Gold-Bracelet.png,macobserver.com,English,United States
https://www.onegreenplanet.org/vegan-food/12-cozy-apple-cider-flavored-recipes-for-the-holidays/,,12 Cozy Apple Cider Flavored Recipes For The Holidays – One Green Planet,20241118T141500Z,https://www.onegreenplanet.org/wp-content/uploads/2022/11/vegan-baked-apple-cider-donuts-02.jpg.webp,onegreenplanet.org,English,United States
https://www.tomsguide.com/wellness/fitness-trackers/apple-ring-isnt-happening-according-to-oura-ceo-heres-why,,Apple Ring isnt happening according to Oura CEO here why,20241114T210000Z,https://cdn.mos.cms.futurecdn.net/xNKwFX2ybydJTPQ2dGxhAd-1200-80.jpg,tomsguide.com,English,United States
https://www.forbes.com/sites/forbes-personal-shopper/article/apple-watch-series-10-review/,,Apple Watch Series 10 Review 2024 - Forbes Vetted,20241113T161500Z,https://imageio.forbes.com/specials-images/imageserve/67329d1fb6ff319967475d56/0x0.jpg?format=jpg&fit=bounds,forbes.com,English,United States
https://9to5mac.com/2024/11/19/apple-one-is-missing-a-key-service-that-could-really-use-some-help/,,Apple One is missing a key service that could really use some help,20241119T223000Z,https://i0.wp.com/9to5mac.com/wp-content/uploads/sites/6/2024/11/apple-one-premier.jpg,9to5mac.com,English,United States
https://www.foodandwine.com/apple-brandy-vs-applejack-differences-8745128,,What the Difference Between Apple Brandy and Applejack ? ,20241115T011500Z,https://www.foodandwine.com/thmb/4VrDTLeM3Gb8I5_4ITAATg0nB8A=/1500x0/filters:no_upscale():max_bytes(150000):strip_icc()/Applejack-vs-Apple-Brandy-FT-BLOG1124-Tamsworth-VSOP-Old-NH-421b5e047493419dbe12540706807e30.jpg,foodandwine.com,English,United States
https://www.cultofmac.com/apple-history/apple-park-approved-cupertino-headquarters,,"Apple headquarters in Cupertino , Apple Campus 2 , gets go - ahead",20241119T180000Z,https://www.cultofmac.com/wp-content/uploads/2017/09/apple-park.jpg,cultofmac.com,English,United States
https://www.cultofmac.com/news/apple-black-friday-sale,,"Apple Black Friday deals : iPads , AirPods , Apple Watch and more",20241123T171500Z,https://www.cultofmac.com/wp-content/uploads/2024/11/Best-Apple-Black-Friday-Deals-.jpg,cultofmac.com,English,United States
https://www.entrepreneur.com/business-news/apple-creating-ai-smart-home-device-to-compete-with-amazon/482853,,Apple Creating AI Smart Home Device to Compete With Amazon : Report,20241113T210000Z,,entrepreneur.com,English,United States
https://9to5mac.com/2024/11/15/apple-watch-series-10-thinner-than-9/,,Apple Watch Series 10 thinner than Series 9,20241116T054500Z,https://i0.wp.com/9to5mac.com/wp-content/uploads/sites/6/2024/11/apple-watch-series-10-thinner-series-9.jpeg,9to5mac.com,English,United States
https://forums.appleinsider.com/discussion/238300,,Madrid fifth Apple Store opens November 28 - General Discussion Discussions on AppleInsider Forums,20241114T173000Z,https://photos5.appleinsider.com/gallery/61748-127764-000-lede-Apple-La-Vaguada-xl.jpg,forums.appleinsider.com,English,United States
https://arstechnica.com/apple/2024/11/apple-tv-spent-20b-on-original-content-if-only-people-actually-watched/,,Apple TV+ spent $20B on original content . If only people actually watched . ,20241119T210000Z,https://cdn.arstechnica.net/wp-content/uploads/2024/11/Slow_Horses_Photo_040301-1152x648.jpg,arstechnica.com,English,United States
https://www.investors.com/news/elon-musk-fsd-v13-tesla-cut-china-prices/,,Elon Musk Says FSD V13  Coming Soon  As Tesla Cuts China Prices,20241125T024500Z,https://www.investors.com/wp-content/uploads/2024/05/Stock-elonmusk-2023-01-shutt.jpg,investors.com,English,United States
https://www.benzinga.com/trading-ideas/movers/24/11/42175967/whats-going-on-with-tesla-stock-today-3,,What Going On With Tesla Stock Today ? - Tesla ( NASDAQ : TSLA ) ,20241126T011500Z,https://cdn.benzinga.com/files/images/story/2024/11/25/Tesla-model-Y.jpeg?&fit=crop,benzinga.com,English,United States
https://www.benzinga.com/trading-ideas/movers/24/11/42173555/rivian-stock-is-ripping-higher-monday-whats-driving-the-action,,Rivian Stock Is Ripping Higher Monday : What Driving The Action ? - Rivian Automotive ( NASDAQ : RIVN ) ,20241125T214500Z,https://cdn.benzinga.com/files/images/story/2024/11/25/Rivian-R2.jpeg?&fit=crop,benzinga.com,English,United States
https://www.benzinga.com/tech/24/11/42183055/elon-musk-slams-californias-proposal-to-shut-tesla-evs-out-of-consumer-rebates-in-state-this-is-insane,,Elon Musk Slams California Proposal To Shut Tesla EVs Out Of Consumer Rebates In State :  This Is Insane  - Tesla ( NASDAQ : TSLA ) ,20241126T104500Z,https://cdn.benzinga.com/files/images/story/2024/11/26/Gavin-Newsom-Elon-Musk.jpeg?&fit=crop,benzinga.com,English,United States
https://www.forbes.com/sites/dereksaul/2024/11/25/this-is-insane-musk-blasts-california-for-possibly-icing-tesla-from-ev-credit-program/,,California New EV Tax Credits May Exclude Tesla Musk Calls  Insane  ,20241125T213000Z,"https://imageio.forbes.com/specials-images/imageserve/6744e6b704f5f05975f4b3a9/0x0.jpg?format=jpg&crop=2829,1591,x0,y61,safe&fit=bounds",forbes.com,English,United States
https://www.fool.com/investing/2024/11/21/1-wall-street-analyst-values-tesla-stock-at-400/?source=iedfolrf0000001,,1 Wall Street Analyst Thinks Tesla Stock Is Going to $400 . Is It a Buy ? ,20241121T173000Z,https://g.foolcdn.com/editorial/images/798175/tesla-model-3-performance_45.jpg,fool.com,English,United States
https://pagesix.com/2024/11/20/celebrity-news/kim-kardashian-pokes-fun-at-the-trolls-by-holding-hands-with-her-tesla-robot-boyfriend/,,Kim Kardashian pokes fun at the trolls by holding hands with her Tesla robot  boyfriend  ,20241120T171500Z,https://pagesix.com/wp-content/uploads/sites/3/2024/11/94012207.jpg?quality=75&strip=all,pagesix.com,English,United States
https://www.greencarreports.com/news/1145050_tesla-cybertruck-wrap-option-disappears,,Tesla Cybertruck wrap option disappears,20241118T200000Z,https://images.hgmsites.net/hug/tesla_100907901_h.webp,greencarreports.com,English,United States
https://www.tmz.com/2024/11/18/kim-kardashian-shows-off-new-tesla-optimus-robot/,https://amp.tmz.com/2024/11/18/kim-kardashian-shows-off-new-tesla-optimus-robot/,Kim Kardashian Introduces Fans to Her New Tesla Optimus Robot  Friend  ,20241118T220000Z,https://imagez.tmz.com/image/d7/16by9/2024/11/18/d7fcaa11eaa34b42916c9c8d4869b4b7_xl.jpg,tmz.com,English,United States
https://www.newsweek.com/gavin-newsom-sparks-anger-proposed-tesla-move-insane-1991646,,Gavin Newsom Sparks Anger With Proposed Tesla Move :  Insane  ,20241126T111500Z,https://d.newsweek.com/en/full/2530051/governor-gavin-newsom.png,newsweek.com,English,United States
https://www.investors.com/news/tesla-pushing-to-meet-elon-musk-target-latest-incentive/,,Tesla Keeps Pushing To Meet This Elon Musk Target . Here The Latest Incentive . ,20241121T034500Z,https://www.investors.com/wp-content/uploads/2021/01/Stock-Tesla-modelY-01-adobe.jpg,investors.com,English,United States
https://www.fool.com/investing/2024/11/25/prediction-president-elect-donald-trumps-plan-to-c/?source=iedfolrf0000001,,Prediction : President - elect Donald Trump Plan to Cancel Tax Credits on Electric Vehicles Will Help Tesla,20241126T030000Z,https://g.foolcdn.com/editorial/images/798632/getty-tax-credit-irs.jpg,fool.com,English,United States
https://www.fool.com/investing/2024/11/25/prediction-president-elect-donald-trumps-plan-to-c/,,Prediction : President - elect Donald Trump Plan to Cancel Tax Credits on Electric Vehicles Will Help Tesla,20241126T084500Z,https://g.foolcdn.com/editorial/images/798632/getty-tax-credit-irs.jpg,fool.com,English,United States
https://www.fool.com/investing/2024/11/18/if-bought-1-share-tesla-stock-ipo-today/?source=iedfolrf0000001,,"If You Bought 1 Share of Tesla Stock at Its IPO , Here How Many Shares You Would Own Now",20241118T113000Z,,fool.com,English,United States
https://www.benzinga.com/news/global/24/11/42028323/gary-black-defends-tesla-strategy-amid-clash-with-elon-musk-bulls-we-dont-trade-tesla-we-trim-when-the-price-goes-higher,,Gary Black Defends Tesla Strategy Amid Clash With Elon Musk Bulls :  We Dont Trade Tesla ... We Trim When The Price Goes Higher  - Tesla ( NASDAQ : TSLA ) ,20241118T044500Z,https://cdn.benzinga.com/files/images/story/2024/11/17/Tesla-Inc.jpeg?&fit=crop,benzinga.com,English,United States
https://www.benzinga.com/news/global/24/11/42028323/gary-black-defends-tesla-strategy-amid-clash-with-elon-musk-bulls-we-dont-trade-tesla-we-trim-when-th,,Gary Black Defends Tesla Strategy Amid Clash With Elon Musk Bulls :  We Dont Trade Tesla ... We Trim When The Price Goes Higher  - Tesla ( NASDAQ : TSLA ) ,20241118T033000Z,https://cdn.benzinga.com/files/images/story/2024/11/17/Tesla-Inc.jpeg?&fit=crop,benzinga.com,English,United States
https://www.carscoops.com/2024/11/texans-buying-a-tesla-until-december-31-could-get-unlimited-overnight-charging-for-5-per-month/,,Tesla Debuts $5 Unlimited Overnight Charging Offer In Texas,20241123T004500Z,https://www.carscoops.com/wp-content/uploads/2024/11/Tesla-Charging.jpg,carscoops.com,English,United States
https://www.topspeed.com/tesla-model-y-reliability-best-years/,,The Best Years For Tesla Model Y Reliability,20241124T173000Z,https://static1.topspeedimages.com/wordpress/wp-content/uploads/2024/08/tesla-model-y-4.jpg,topspeed.com,English,United States
https://es.investing.com/news/stock-market-news/el-espiritu-animal-esta-disparando-las-acciones-de-tesla-segun-ubs-2927319,https://m.es.investing.com/news/stock-market-news/el-espiritu-animal-esta-disparando-las-acciones-de-tesla-segun-ubs-2927319?ampMode=1,"El  espíritu animal  está disparando las acciones de Tesla , según UBS Por Investing . com",20241126T011500Z,https://i-invdn-com.investing.com/news/moved_LYNXMPEK920N0_L.jpg,es.investing.com,Spanish,United States
https://www.forbes.com/sites/brookecrothers/2024/11/24/tesla-cybertruck-hate-love-dynamic-kicks-into-hyperdrive/,,Tesla Cybertruck Hate - Love Dynamic Kicks Into Hyperdrive,20241124T101500Z,https://imageio.forbes.com/specials-images/imageserve/6742bb8ba3457a7026222d5a/0x0.jpg?format=jpg&fit=bounds,forbes.com,English,United States
https://www.neowin.net/software/microsoft-edge-1310290351/,https://www.neowin.net/amp/microsoft-edge-1310290351/,Microsoft Edge 131 . 0 . 2903 . 51,20241116T181500Z,https://cdn.neowin.com/news/images/uploaded/2020/04/1587234363_microsoft_edge_story.jpg,neowin.net,English,United States
https://www.tomsguide.com/computing/software/microsoft-announces-365-and-copilot-price-hike-heres-how-much-more-youll-pay,,Microsoft announces 365 and Copilot price hike here how much more youll pay,20241114T210000Z,https://cdn.mos.cms.futurecdn.net/8EafxJF3mVpr7WpTDEYEYc-1200-80.jpg,tomsguide.com,English,United States
https://www.windowscentral.com/microsoft/analysts-claim-microsofts-openai-investment-is-best-money-spent,,Wall Street : Microsoft $13 billion OpenAI investment is  some of the best money ever spent  ,20241112T203000Z,https://cdn.mos.cms.futurecdn.net/MEzFEbhskasTab8A2Q7hEf-1200-80.jpg,windowscentral.com,English,United States
https://www.pcworld.com/article/2456183/a-helpful-windows-11-start-menu-feature-is-now-in-windows-10.html,,A helpful Windows 11 Start menu feature is now in Windows 10,20241114T154500Z,https://www.pcworld.com/wp-content/uploads/2024/11/Windows10NeueFunktionen.jpg?quality=50&strip=all,pcworld.com,English,United States
https://www.windowscentral.com/microsoft/microsoft-once-again-prioritizes-a-competitor-with-a-new-feature-you-wont-find-on-windows-11,,Microsoft plays favorites with macOS over Windows 11 once again,20241112T203000Z,https://cdn.mos.cms.futurecdn.net/T6Ng6fWCmQSZqU8CgXcwvQ-1200-80.png,windowscentral.com,English,United States
https://www.geekwire.com/2024/a-new-look-at-microsofts-startup-story-with-insights-for-today-microsoft-50-chapter-2/,,"A new look at Microsoft startup story : Microsoft @ 50 , Chapter 2",20241113T181500Z,https://cdn.geekwire.com/wp-content/uploads/2024/11/Bill-Gates-and-Paul-Allen-19811.jpg,geekwire.com,English,United States
https://www.globenewswire.com/news-release/2024/11/12/2979589/0/en/Seven-Ombudsman-Arizona-Charter-High-Schools-Achieve-Microsoft-Showcase-School-Status-Advancing-Innovative-Technology-Programs-for-Alternative-Education.html,,Seven Ombudsman Arizona Charter High Schools Achieve,20241112T211500Z,https://ml.globenewswire.com/Resource/Download/1483f493-d4c4-423b-8b92-6242a54b7ec1,globenewswire.com,English,United States
https://www.crn.com/news/cloud/2024/microsoft-licensing-billing-changes-hit-copilot-eas,,"Microsoft Licensing , Billing Changes Hit Copilot , Enterprise Agreements",20241112T171500Z,https://www.crn.com/news/cloud/2024/media_136d712213003ab3ac86735dc2dccf1b6ac752c70.png?&format=pjpg&optimize=medium,crn.com,English,United States
https://www.gamespot.com/articles/microsoft-flight-simulator-2024-launch-times-revealed/1100-6527710/,,Microsoft Flight Simulator 2024 Launch Times Revealed,20241112T173000Z,https://www.gamespot.com/a/uploads/screen_kubrick/1179/11799911/4398117-screenshot2024-11-12at11.32.29am.png,gamespot.com,English,United States
https://venturebeat.com/ai/microsofts-10-new-ai-agents-strengthen-its-enterprise-automation-lead/,,Microsoft 10 new AI agents strengthen its enterprise automation lead,20241124T184500Z,,venturebeat.com,English,United States
https://www.neowin.net/news/microsoft-discounts-select-xbox-series-xs-consoles-by-50-as-part-of-holiday-deals/,https://www.neowin.net/amp/microsoft-discounts-select-xbox-series-xs-consoles-by-50-as-part-of-holiday-deals/,Microsoft discounts select Xbox Series X|S consoles by $50 as part of holiday deals,20241115T160000Z,https://cdn.neowin.com/news/images/uploaded/2024/11/1731682332_xbox_deals_story.jpg,neowin.net,English,United States
https://www.techspot.com/news/105567-microsoft-confirms-working-handheld-but-years-away.html,,"Microsoft confirms it working on a handheld , but it years away",20241114T130000Z,https://www.techspot.com/images2/news/ts3_thumbs/2022/04/2022-04-28-ts3_thumbs-040.jpg,techspot.com,English,United States
https://www.tweaktown.com/news/101854/microsoft-accused-of-using-online-word-and-excel-content-for-ai-training-unless-you-opt-out/,,"Microsoft accused of using online Word and Excel content for AI training , unless you opt - out",20241126T051500Z,https://static.tweaktown.com/news/1/0/101854_1_microsoft-will-use-your-word-and-excel-content-for-ai-training-unless-you-opt-out_full.jpg,tweaktown.com,English,United States
https://www.neowin.net/software/microsoft-edge-1310290363/,https://www.neowin.net/amp/microsoft-edge-1310290363/,Microsoft Edge 131 . 0 . 2903 . 63,20241122T070000Z,https://cdn.neowin.com/news/images/uploaded/2020/04/1587234363_microsoft_edge_story.jpg,neowin.net,English,United States
https://www.komando.com/tips/software-and-apps/out-the-door-dinosaur/,,"Out the door , dinosaur",20241113T210000Z,,komando.com,English,United States
https://www.wgal.com/article/microsoft-outage-email-down/63010727,,Microsoft 365 experiencing outages . What we know . ,20241125T203000Z,"https://kubrick.htvapps.com/htv-prod-media.s3.amazonaws.com/images/gettyimages-1835205132-1-6744b28707916.jpg?crop=1.00xw:0.846xh;0,0",wgal.com,English,United States
https://www.cultofmac.com/apple-history/apple-microsoft-deal,,Apple - Microsoft deal to use Mac UI : Today in Apple history,20241121T213000Z,https://www.cultofmac.com/wp-content/uploads/2016/07/macvspc_80s.jpg,cultofmac.com,English,United States
https://www.extremetech.com/gaming/xbox-chief-says-console-hardware-isnt-going-away,,Xbox Chief Says Console Hardware Isnt Going Away,20241115T221500Z,https://i.extremetech.com/imagery/content-types/00CEUcmto9CD0w2ZObYOiaX/hero-image.fill.size_1200x675.jpg,extremetech.com,English,United States
https://gamerant.com/microsoft-flight-simulator-2024-launch-problems-load-times-instability/,,Microsoft Flight Simulator 2024 is Having Major Problems,20241119T224500Z,https://static0.gamerantimages.com/wordpress/wp-content/uploads/2024/11/microsoft-flight-simulator-2024.jpg,gamerant.com,English,United States
https://www.theverge.com/2024/11/15/24296351/microsoft-azure-openai-adobe-meta-customers-notepad,,Microsoft top AI customers include Adobe and Meta,20241115T174500Z,https://cdn.vox-cdn.com/thumbor/CCAiZOaSXBZ90QlUG4O76gDxwwc=/0x0:2040x1360/1200x628/filters:focal(1020x680:1021x681)/cdn.vox-cdn.com/uploads/chorus_asset/file/24347780/STK095_Microsoft_04.jpg,theverge.com,English,United States
https://www.androidpolice.com/google-tv-streamer-settings-to-change/,,Google TV Streamer : 5 settings to change,20241114T203000Z,https://static1.anpoimages.com/wordpress/wp-content/uploads/wm/2024/09/google-tv-streamer-with-remote.jpg,androidpolice.com,English,United States
https://www.androidpolice.com/some-of-chromes-best-features-just-lost-their-android-exclusivity/,,Some of Chrome best features just lost their Android exclusivity,20241113T004500Z,https://static1.anpoimages.com/wordpress/wp-content/uploads/2024/09/google-chrome-ap-hero-small-file-size.jpg,androidpolice.com,English,United States
https://www.androidpolice.com/google-photos-quietly-downgrades-partner-sharing-limitation/,,Google Photos quietly downgrades partner sharing with this weird limitation,20241114T120000Z,https://static1.anpoimages.com/wordpress/wp-content/uploads/2024/08/google-photos-2-ap24-hero.jpg,androidpolice.com,English,United States
https://kbench.com/?q=node/261993,https://m.kbench.com/?q=node/261993,"구글 , AI 어시스턴트 iOS용  구글 제미나이  정식 출시",20241115T044500Z,https://images.kbench.com/kbench/article/thumbnail/261993_thumb.jpg,kbench.com,Korean,United States
https://support.google.com/drive/answer/6283888?visit_id=638672373788385957-425491974&p=unsupported_browser&rd=1,,Update your browser to use Google Drive and other apps,20241115T033000Z,,support.google.com,English,United States
https://support.google.com/drive/answer/6283888?visit_id=638672373846023441-4236988036&p=unsupported_browser&rd=1,,Update your browser to use Google Drive and other apps,20241115T033000Z,,support.google.com,English,United States
https://www.androidpolice.com/google-home-gemini-extension-rolling-out-widely/,,Google Home extension for Gemini rolling out widely for users in Public Preview,20241112T201500Z,https://static1.anpoimages.com/wordpress/wp-content/uploads/wm/2024/05/google-home-hero-1.jpg,androidpolice.com,English,United States
https://techcrunch.com/2024/11/25/google-developer-program-gains-new-features-but-youll-have-to-pay-for-them/,,"Google Developer Program gains new features , but youll have to pay for them",20241126T031500Z,https://techcrunch.com/wp-content/uploads/2024/10/GettyImages-1337403704.jpg,techcrunch.com,English,United States
https://www.theverge.com/2024/11/12/24294492/chrome-app-ios-google-lens-image-text-search,,Chrome on your iPhone can search using pictures and words at the same time,20241112T173000Z,https://cdn.vox-cdn.com/thumbor/zCUZ308k3-5t-4co4I_I3j6n2ic=/0x0:2040x1360/1200x628/filters:focal(1020x680:1021x681)/cdn.vox-cdn.com/uploads/chorus_asset/file/24418649/STK114_Google_Chrome_02.jpg,theverge.com,English,United States
https://9to5google.com/2024/11/13/google-remove-eu-news-content-search-test/,,Google will test removing news content from EU publishers,20241113T161500Z,,9to5google.com,English,United States
https://www.androidpolice.com/google-homes-fall-update/,,Google Home fall update brings a heaping helping of new features,20241113T044500Z,https://static1.anpoimages.com/wordpress/wp-content/uploads/wm/2024/11/pixel-watch-3-nest-doorbell-live-view.jpg,androidpolice.com,English,United States
https://www.makeuseof.com/use-google-maps-arrival-time-feature-never-late/,,I Use This Google Maps Feature to Always Reach My Destinations on Time,20241113T190000Z,,makeuseof.com,English,United States
https://www.androidpolice.com/google-maps-suggested-stops/,,Google Maps wants to help you stop and smell the roses on your next road trip,20241113T231500Z,https://static1.anpoimages.com/wordpress/wp-content/uploads/2024/05/google-maps-4-ap24-hero.jpg,androidpolice.com,English,United States
https://www.techhive.com/article/2520967/google-home-gemini-ai-powered-features.html,,Google Home is getting its first Gemini AI - powered features,20241114T210000Z,https://www.techhive.com/wp-content/uploads/2024/11/nest-cam-battery-outdoor-100900241-orig-1.jpg?quality=50&strip=all,techhive.com,English,United States
https://ujszo.com/reklam/ajandekozon-az-o2-tol-korlatlan-internet-es-keszulekparosok-karacsonyra,,Ajándéközön az O2 - től – korlátlan internet és készülékpárosok karácsonyra,20241113T120000Z,https://ujszo.com/sites/default/files/styles/image_16_10_w1400_jpg/public/lead_image/2024-11/o2_foto.jpg,ujszo.com,Hungarian,United States
https://www.breitbart.com/tech/2024/11/12/judges-criticize-googles-disturbing-practice-of-suppressing-evidence-in-antitrust-cases/,https://www.breitbart.com/tech/2024/11/12/judges-criticize-googles-disturbing-practice-of-suppressing-evidence-in-antitrust-cases/amp/,Judges Criticize Google  Disturbing  Practice of Suppressing Evidence in Antitrust Cases,20241112T214500Z,https://media.breitbart.com/media/2024/11/sundar-pichai-of-Google-gestures-640x335.jpg,breitbart.com,English,United States
https://www.neowin.net/news/google-nest-cameras-to-gain-ai-features-powered-by-gemini-next-week/,https://www.neowin.net/amp/google-nest-cameras-to-gain-ai-features-powered-by-gemini-next-week/,Google Nest cameras to gain AI features powered by Gemini next week,20241113T171500Z,https://cdn.neowin.com/news/images/uploaded/2024/11/1731505106_nest_camera_story.jpg,neowin.net,English,United States
https://www.androidpolice.com/dual-sim-rcs-starts-appearing-for-some-in-us/,,Google Messages dual SIM RCS finally starts appearing for more users in the US,20241115T000000Z,https://static1.anpoimages.com/wordpress/wp-content/uploads/2024/06/google-messages-2-ap24-hero.jpg,androidpolice.com,English,United States
https://www.neowin.net/news/google-releases-the-official-gemini-app-for-iphones/,https://www.neowin.net/amp/google-releases-the-official-gemini-app-for-iphones/,Google releases the official Gemini app for iPhones,20241114T160000Z,https://cdn.neowin.com/news/images/uploaded/2024/08/1724861624_gemini_august_release_1.width-1600.format-webp_story.jpg,neowin.net,English,United States
https://www.howtogeek.com/google-app-iphone-injecting-links/,,Google App on iPhone Now Injects Links Into Web Pages,20241125T221500Z,https://static1.howtogeekimages.com/wordpress/wp-content/uploads/wm/2024/05/person-holding-the-google-pixel-8a-using-circle-to-search-1.jpg,howtogeek.com,English,United States
https://www.yahoo.com/news/amazon-introduces-amazon-haul-budget-225840850.html,,"Amazon introduces Amazon Haul , a budget - friendly service : What to know",20241113T234500Z,https://s.yimg.com/ny/api/res/1.2/xRdbQ.mew5VpzszFuatXtg--/YXBwaWQ9aGlnaGxhbmRlcjt3PTEyMDA7aD02NzU-/https://media.zenfs.com/en/us.abcnews.gma.com/19340af6b1261686a5f23188553505f3,yahoo.com,English,United States
https://abcnews.go.com/GMA/Living/amazon-introduces-amazon-haul-budget-friendly-service/story?id=115841496,https://abcnews.go.com/amp/GMA/Living/amazon-introduces-amazon-haul-budget-friendly-service/story?id=115841496,"Amazon introduces Amazon Haul , a budget - friendly service : What to know",20241114T010000Z,https://i.abcnewsfe.com/a/2ccfa33a-5d57-46d3-856d-ad3143ff1b64/amazon-3-as-jm-241113_1731536206859_hpMain_16x9.jpg,abcnews.go.com,English,United States
https://www.fool.com/investing/2024/11/25/is-amazon-a-buy-sell-or-hold-in-2025/?source=iedfolrf0000001,,"Is Amazon a Buy , Sell , or Hold in 2025 ? ",20241126T030000Z,https://g.foolcdn.com/editorial/images/798764/amazon-prime-van-on-street.png,fool.com,English,United States
https://mashable.com/article/black-friday-deals-2024-amazon-walmart-sales,,Black Friday deals Amazon vs . Walmart : Comparing the best sales,20241126T081500Z,https://helios-i.mashable.com/imagery/articles/031RRAldhrFJF39hTSWb4K9/hero-image.fill.size_1200x675.v1732538065.jpg,mashable.com,English,United States
https://abcnews.go.com/Shop/gaming-gifts/story?id=116094844,https://abcnews.go.com/amp/Shop/gaming-gifts/story?id=116094844,"23 gifts for gamers : Xbox , PlayStation , Nintendo and more",20241125T143000Z,https://i.abcnewsfe.com/a/702ccfcc-e2da-41f2-a612-e24483b03b8e/GMA_GamingGiftGuide_v01_DP_1732296988477_hpMain_16x9.jpg,abcnews.go.com,English,United States
https://www.pcworld.com/article/1384292/black-friday-amazon-tech-deals-2024.html,,Best Amazon Black Friday tech deals 2024,20241125T060000Z,,pcworld.com,English,United States
https://www.benzinga.com/general/biotech/24/11/41964382/amazons-secret-fertility-tracker-project-launched-under-jeff-bezos-reportedly-halted-amid-ceo-and,,Amazon Secret Fertility Tracker Project Launched Under Jeff Bezos Reportedly Halted Amid CEO Andy Jassy Cost - Cutting Drive - Amazon . com ( NASDAQ : AMZN ) ,20241114T101500Z,https://cdn.benzinga.com/files/images/story/2024/11/14/The-Amazon-Trade.jpeg?&fit=crop,benzinga.com,English,United States
https://www.benzinga.com/general/biotech/24/11/41964382/amazons-secret-fertility-tracker-project-launched-under-jeff-bezos-reportedly-halted-amid-ceo-andy-jassys-cost-cutting-drive,,Amazon Secret Fertility Tracker Project Launched Under Jeff Bezos Reportedly Halted Amid CEO Andy Jassy Cost - Cutting Drive - Amazon . com ( NASDAQ : AMZN ) ,20241114T093000Z,https://cdn.benzinga.com/files/images/story/2024/11/14/The-Amazon-Trade.jpeg?&fit=crop,benzinga.com,English,United States
https://www.fool.com/investing/2024/11/12/1-surprising-artificial-intelligence-ai-stock-warr/?source=iedfolrf0000001,,1 Surprising Artificial Intelligence ( AI ) Stock Warren Buffett Berkshire Hathaway Owns,20241112T150000Z,https://g.foolcdn.com/editorial/images/796554/photo-of-warren-buffett.jpg,fool.com,English,United States
https://www.benzinga.com/media/24/11/41927913/amazon-confirms-vendor-data-breach-affecting-2-8m-employee-contacts-adds-to-growing-list-of-moveit-hack-victims,,"Amazon Confirms Vendor Data Breach Affecting 2 . 8M+ Employee Contacts , Adds To Growing List Of MOVEit Hack Victims ( UPDATED ) - Amazon . com ( NASDAQ : AMZN ) ",20241113T031500Z,https://cdn.benzinga.com/files/images/story/2024/11/12/The-Amazon-Trade.jpeg?&fit=crop,benzinga.com,English,United States
https://www.geekwire.com/2024/amazon-launching-discount-storefront-amazon-haul-with-items-under-20-longer-delivery-times/,,"Amazon launching discount storefront  Amazon Haul  with items under $20 , longer delivery times – GeekWire",20241113T181500Z,https://cdn.geekwire.com/wp-content/uploads/2024/11/amazonhaul.jpeg,geekwire.com,English,United States
https://www.theepochtimes.com/business/amazon-launches-new-discount-haul-app-to-compete-with-temu-shein-5759983,,"Amazon Launches New Discount  Haul  App to Compete With Temu , Shein",20241115T103000Z,https://img.theepochtimes.com/assets/uploads/2024/10/03/id5734406-Amazon-1080x720.jpg,theepochtimes.com,English,United States
https://www.abc15.com/business/company-news/amazon-appears-to-take-aim-at-temu-with-budget-store-amazon-haul,,Amazon appears to take aim at Temu with budget store  Amazon Haul  ,20241114T020000Z,https://ewscripps.brightspotcdn.com/27/24/d8345e494779a22b2a9cc7a0247a/shutterstock-2431184137.jpg,abc15.com,English,United States
https://www.gamespot.com/articles/amazons-black-friday-sale-starts-november-21-early-deals-on-fire-tv-devices-are-available-now/1100-6527754/,,"Amazon Black Friday Sale Starts November 21 , Early Deals On Fire TV Devices Are Available Now",20241114T051500Z,https://www.gamespot.com/a/uploads/original/1701/17013431/4399491-amazonbfdevices.jpg,gamespot.com,English,United States
https://www.retaildive.com/news/amazon-fresh-expansion-new-store-openings/732908/,,Amazon Fresh expansion continues as chain opens long - awaited stores,20241114T170000Z,https://imgproxy.divecdn.com/-sqonVRatAPIg27rJe9Eew-7pp-Ve2O2BnXPX7zPiFo/g:ce/rs:fit:770:435/bG9jYWw6Ly8vZGl2ZWltYWdlL1RNUXNHTFVRLmpwZWc=.webp,retaildive.com,English,United States
https://www.digitaltrends.com/news/amazon-haul-online-store/,,Everything on Amazon new  Haul  store costs less than $20,20241114T090000Z,https://www.digitaltrends.com/wp-content/uploads/2024/11/haul.jpeg,digitaltrends.com,English,United States
https://www.parents.com/amazon-early-black-friday-deals-2024-8744029,,Amazon Announced Its Black Friday & Cyber Monday Dates : Here Are the Details & 72 Deals to Shop Now,20241114T144500Z,https://www.parents.com/thmb/9F6QTkUwnqFLx5kvFXMu4Av8opA=/1500x0/filters:no_upscale():max_bytes(150000):strip_icc()/par-early-black-friday-deals-tout-0405f2956d064d1bbc3a159c4c748b21.jpg,parents.com,English,United States
https://www.benzinga.com/24/11/42158933/amazons-ai-chip-strategy-targets-nvidias-dominance-in-data-centers,,Amazon AI Chip Strategy Targets Nvidia Dominance In Data Centers - Amazon . com ( NASDAQ : AMZN ) ,20241125T121500Z,https://cdn.benzinga.com/files/images/story/2024/11/25/The-Amazon-Trade.jpeg?&fit=crop,benzinga.com,English,United States
https://www.benzinga.com/insights/options/24/11/41946236/smart-money-is-betting-big-in-amzn-options,,Smart Money Is Betting Big In AMZN Options - Amazon . com ( NASDAQ : AMZN ) ,20241113T174500Z,https://cdn.benzinga.com/files/images/story/2023/movers_image_5.jpeg?&fit=crop,benzinga.com,English,United States
https://www.fool.com/investing/2024/11/12/the-best-warren-buffett-stock-to-buy-with-250/?source=iedfolrf0000001,,The Best Warren Buffett Stock to Buy With $250,20241112T120000Z,https://g.foolcdn.com/editorial/images/796962/amazon-flex-driver-delivering-package-to-door-step.png,fool.com,English,United States
